Indice_Tempo,Valor_real,Previsao_SARIMAX,Residuo
4809,0.0,-3.900177049292191e-29,3.900177049292191e-29
4810,12.6,9.741716478182008,2.8582835218179916
4811,462.6,403.7591584009849,58.84084159901511
